{
  "__version__": "1.0.0",
  "current-scene": "",
  "gizmos-infos": {
    "is2D": false,
    "is3DIcon": false,
    "iconSize": 2,
    "gridVisible": true,
    "gridColor": [
      150,
      150,
      150,
      255
    ],
    "isIconGizmo3D": false,
    "iconGizmoSize": 2,
    "isGridVisible": true
  },
  "float-window": {
    "position": {
      "cc": {
        "Camera": {
          "dock": false,
          "top": null,
          "bottom": 10,
          "left": null,
          "right": 10
        }
      }
    }
  },
  "camera-infos": {
    "f46876e4-e81b-4931-b493-6d367be385e7": {
      "position": {
        "x": 2.9301539189890087,
        "y": 3.2383248920783303,
        "z": 3.0256121987162876
      },
      "rotation": {
        "x": -0.29836804209416506,
        "y": 0.3552946843947567,
        "z": 0.12079618533496178,
        "w": 0.8775821782161062
      },
      "viewCenter": {
        "x": 0,
        "y": 0,
        "z": 0
      }
    },
    "ffc0fb47-269a-47a1-9f69-bfa05814ce20": {
      "position": {
        "x": 277.4751317121681,
        "y": 277.47513171216826,
        "z": 277.4751317121682
      },
      "rotation": {
        "x": -0.27984814233312133,
        "y": 0.3647051996310009,
        "z": 0.11591689595929514,
        "w": 0.8804762392171493
      },
      "viewCenter": {
        "x": 0,
        "y": 0,
        "z": 0
      }
    }
  },
  "camera-uuids": [
    "ffc0fb47-269a-47a1-9f69-bfa05814ce20"
  ]
}
